{"cameraMode":{"drawMode":0,"name":"Shaded","section":"Shading Mode"},"sceneLighting":false,"audioPlay":false,"sceneViewState":{"showFog":true,"showMaterialUpdate":false,"showSkybox":true,"showFlares":true,"showImageEffects":true,"showParticleSystems":true},"in2DMode":false,"pivot":{"x":-0.4646354913711548,"y":2.473094940185547,"z":2.5562033653259279},"rotation":{"x":0.5450406670570374,"y":-0.2130623608827591,"z":0.14557641744613648,"w":0.7977108955383301},"size":14690.1396484375,"orthographic":false}